"A","ABILITY","ABLE","ABOUT","ABOVE","ABSENCE","ABSOLUTELY","ACADEMIC","ACCEPT",
"ACCESS","ACCIDENT","ACCOMPANY","ACCORDING","ACCOUNT","ACHIEVE","ACHIEVEMENT","A
CID","ACQUIRE","ACROSS","ACT","ACTION","ACTIVE","ACTIVITY","ACTUAL","ACTUALLY","
ADD","ADDITION","ADDITIONAL","ADDRESS","ADMINISTRATION","ADMIT","ADOPT","ADULT",
"ADVANCE","ADVANTAGE","ADVICE","ADVISE","AFFAIR","AFFECT","AFFORD","AFRAID","AFT
ER","AFTERNOON","AFTERWARDS","AGAIN","AGAINST","AGE","AGENCY","AGENT","AGO","AGR
EE","AGREEMENT","AHEAD","AID","AIM","AIR","AIRCRAFT","ALL","ALLOW","ALMOST","ALO
NE","ALONG","ALREADY","ALRIGHT","ALSO","ALTERNATIVE","ALTHOUGH","ALWAYS","AMONG"
,"AMONGST","AMOUNT","AN","ANALYSIS","ANCIENT","AND","ANIMAL","ANNOUNCE","ANNUAL"
,"ANOTHER","ANSWER","ANY","ANYBODY","ANYONE","ANYTHING","ANYWAY","APART","APPARE
NT","APPARENTLY","APPEAL","APPEAR","APPEARANCE","APPLICATION","APPLY","APPOINT",
"APPOINTMENT","APPROACH","APPROPRIATE","APPROVE","AREA","ARGUE","ARGUMENT","ARIS
E","ARM","ARMY","AROUND","ARRANGE","ARRANGEMENT","ARRIVE","ART","ARTICLE","ARTIS
T","AS","ASK","ASPECT","ASSEMBLY","ASSESS","ASSESSMENT","ASSET","ASSOCIATE","ASS
OCIATION","ASSUME","ASSUMPTION","AT","ATMOSPHERE","ATTACH","ATTACK","ATTEMPT","A
TTEND","ATTENTION","ATTITUDE","ATTRACT","ATTRACTIVE","AUDIENCE","AUTHOR","AUTHOR
ITY","AVAILABLE","AVERAGE","AVOID","AWARD","AWARE","AWAY","AYE","BABY","BACK","B
ACKGROUND","BAD","BAG","BALANCE","BALL","BAND","BANK","BAR","BASE","BASIC","BASI
S","BATTLE","BE","BEAR","BEAT","BEAUTIFUL","BECAUSE","BECOME","BED","BEDROOM","B
EFORE","BEGIN","BEGINNING","BEHAVIOUR","BEHIND","BELIEF","BELIEVE","BELONG","BEL
OW","BENEATH","BENEFIT","BESIDE","BEST","BETTER","BETWEEN","BEYOND","BIG","BILL"
,"BIND","BIRD","BIRTH","BIT","BLACK","BLOCK","BLOOD","BLOODY","BLOW","BLUE","BOA
RD","BOAT","BODY","BONE","BOOK","BORDER","BOTH","BOTTLE","BOTTOM","BOX","BOY","B
RAIN","BRANCH","BREAK","BREATH","BRIDGE","BRIEF","BRIGHT","BRING","BROAD","BROTH
ER","BUDGET","BUILD","BUILDING","BURN","BUS","BUSINESS","BUSY","BUT","BUY","BY",
"CABINET","CALL","CAMPAIGN","CAN","CANDIDATE","CAPABLE","CAPACITY","CAPITAL","CA
R","CARD","CARE","CAREER","CAREFUL","CAREFULLY","CARRY","CASE","CASH","CAT","CAT
CH","CATEGORY","CAUSE","CELL","CENTRAL","CENTRE","CENTURY","CERTAIN","CERTAINLY"
,"CHAIN","CHAIR","CHAIRMAN","CHALLENGE","CHANCE","CHANGE","CHANNEL","CHAPTER","C
HARACTER","CHARACTERISTIC","CHARGE","CHEAP","CHECK","CHEMICAL","CHIEF","CHILD","
CHOICE","CHOOSE","CHURCH","CIRCLE","CIRCUMSTANCE","CITIZEN","CITY","CIVIL","CLAI
M","CLASS","CLEAN","CLEAR","CLEARLY","CLIENT","CLIMB","CLOSE","CLOSELY","CLOTHES
","CLUB","COAL","CODE","COFFEE","COLD","COLLEAGUE","COLLECT","COLLECTION","COLLE
GE","COLOUR","COMBINATION","COMBINE","COME","COMMENT","COMMERCIAL","COMMISSION",
"COMMIT","COMMITMENT","COMMITTEE","COMMON","COMMUNICATION","COMMUNITY","COMPANY"
,"COMPARE","COMPARISON","COMPETITION","COMPLETE","COMPLETELY","COMPLEX","COMPONE
NT","COMPUTER","CONCENTRATE","CONCENTRATION","CONCEPT","CONCERN","CONCERNED","CO
NCLUDE","CONCLUSION","CONDITION","CONDUCT","CONFERENCE","CONFIDENCE","CONFIRM","
CONFLICT","CONGRESS","CONNECT","CONNECTION","CONSEQUENCE","CONSERVATIVE","CONSID
ER","CONSIDERABLE","CONSIDERATION","CONSIST","CONSTANT","CONSTRUCTION","CONSUMER
","CONTACT","CONTAIN","CONTENT","CONTEXT","CONTINUE","CONTRACT","CONTRAST","CONT
RIBUTE","CONTRIBUTION","CONTROL","CONVENTION","CONVERSATION","COPY","CORNER","CO
RPORATE","CORRECT","COS","COST","COULD","COUNCIL","COUNT","COUNTRY","COUNTY","CO
UPLE","COURSE","COURT","COVER","CREATE","CREATION","CREDIT","CRIME","CRIMINAL","
CRISIS","CRITERION","CRITICAL","CRITICISM","CROSS","CROWD","CRY","CULTURAL","CUL
TURE","CUP","CURRENT","CURRENTLY","CURRICULUM","CUSTOMER","CUT","DAMAGE","DANGER
","DANGEROUS","DARK","DATA","DATE","DAUGHTER","DAY","DEAD","DEAL","DEATH","DEBAT
E","DEBT","DECADE","DECIDE","DECISION","DECLARE","DEEP","DEFENCE","DEFENDANT","D
EFINE","DEFINITION","DEGREE","DELIVER","DEMAND","DEMOCRATIC","DEMONSTRATE","DENY
","DEPARTMENT","DEPEND","DEPUTY","DERIVE","DESCRIBE","DESCRIPTION","DESIGN","DES
IRE","DESK","DESPITE","DESTROY","DETAIL","DETAILED","DETERMINE","DEVELOP","DEVEL
OPMENT","DEVICE","DIE","DIFFERENCE","DIFFERENT","DIFFICULT","DIFFICULTY","DINNER
","DIRECT","DIRECTION","DIRECTLY","DIRECTOR","DISAPPEAR","DISCIPLINE","DISCOVER"
,"DISCUSS","DISCUSSION","DISEASE","DISPLAY","DISTANCE","DISTINCTION","DISTRIBUTI
ON","DISTRICT","DIVIDE","DIVISION","DO","DOCTOR","DOCUMENT","DOG","DOMESTIC","DO
OR","DOUBLE","DOUBT","DOWN","DRAW","DRAWING","DREAM","DRESS","DRINK","DRIVE","DR
IVER","DROP","DRUG","DRY","DUE","DURING","DUTY","EACH","EAR","EARLY","EARN","EAR
TH","EASILY","EAST","EASY","EAT","ECONOMIC","ECONOMY","EDGE","EDITOR","EDUCATION
","EDUCATIONAL","EFFECT","EFFECTIVE","EFFECTIVELY","EFFORT","EGG","EITHER","ELDE
RLY","ELECTION","ELEMENT","ELSE","ELSEWHERE","EMERGE","EMPHASIS","EMPLOY","EMPLO
YEE","EMPLOYER","EMPLOYMENT","EMPTY","ENABLE","ENCOURAGE","END","ENEMY","ENERGY"
,"ENGINE","ENGINEERING","ENJOY","ENOUGH","ENSURE","ENTER","ENTERPRISE","ENTIRE",
"ENTIRELY","ENTITLE","ENTRY","ENVIRONMENT","ENVIRONMENTAL","EQUAL","EQUALLY","EQ
UIPMENT","ERROR","ESCAPE","ESPECIALLY","ESSENTIAL","ESTABLISH","ESTABLISHMENT","
ESTATE","ESTIMATE","EVEN","EVENING","EVENT","EVENTUALLY","EVER","EVERY","EVERYBO
DY","EVERYONE","EVERYTHING","EVIDENCE","EXACTLY","EXAMINATION","EXAMINE","EXAMPL
E","EXCELLENT","EXCEPT","EXCHANGE","EXECUTIVE","EXERCISE","EXHIBITION","EXIST","
EXISTENCE","EXISTING","EXPECT","EXPECTATION","EXPENDITURE","EXPENSE","EXPENSIVE"
,"EXPERIENCE","EXPERIMENT","EXPERT","EXPLAIN","EXPLANATION","EXPLORE","EXPRESS",
"EXPRESSION","EXTEND","EXTENT","EXTERNAL","EXTRA","EXTREMELY","EYE","FACE","FACI
LITY","FACT","FACTOR","FACTORY","FAIL","FAILURE","FAIR","FAIRLY","FAITH","FALL",
"FAMILIAR","FAMILY","FAMOUS","FAR","FARM","FARMER","FASHION","FAST","FATHER","FA
VOUR","FEAR","FEATURE","FEE","FEEL","FEELING","FEMALE","FEW","FIELD","FIGHT","FI
GURE","FILE","FILL","FILM","FINAL","FINALLY","FINANCE","FINANCIAL","FIND","FINDI
NG","FINE","FINGER","FINISH","FIRE","FIRM","FIRST","FISH","FIT","FIX","FLAT","FL
IGHT","FLOOR","FLOW","FLOWER","FLY","FOCUS","FOLLOW","FOLLOWING","FOOD","FOOT","
FOOTBALL","FOR","FORCE","FOREIGN","FOREST","FORGET","FORM","FORMAL","FORMER","FO
RWARD","FOUNDATION","FREE","FREEDOM","FREQUENTLY","FRESH","FRIEND","FROM","FRONT
","FRUIT","FUEL","FULL","FULLY","FUNCTION","FUND","FUNNY","FURTHER","FUTURE","GA
IN","GAME","GARDEN","GAS","GATE","GATHER","GENERAL","GENERALLY","GENERATE","GENE
RATION","GENTLEMAN","GET","GIRL","GIVE","GLASS","GO","GOAL","GOD","GOLD","GOOD",
"GOVERNMENT","GRANT","GREAT","GREEN","GREY","GROUND","GROUP","GROW","GROWING","G
ROWTH","GUEST","GUIDE","GUN","HAIR","HALF","HALL","HAND","HANDLE","HANG","HAPPEN
","HAPPY","HARD","HARDLY","HATE","HAVE","HE","HEAD","HEALTH","HEAR","HEART","HEA
T","HEAVY","HELL","HELP","HENCE","HER","HERE","HERSELF","HIDE","HIGH","HIGHLY","
HILL","HIM","HIMSELF","HIS","HISTORICAL","HISTORY","HIT","HOLD","HOLE","HOLIDAY"
,"HOME","HOPE","HORSE","HOSPITAL","HOT","HOTEL","HOUR","HOUSE","HOUSEHOLD","HOUS
ING","HOW","HOWEVER","HUGE","HUMAN","HURT","HUSBAND","I","IDEA","IDENTIFY","IF",
"IGNORE","ILLUSTRATE","IMAGE","IMAGINE","IMMEDIATE","IMMEDIATELY","IMPACT","IMPL
ICATION","IMPLY","IMPORTANCE","IMPORTANT","IMPOSE","IMPOSSIBLE","IMPRESSION","IM
PROVE","IMPROVEMENT","IN","INCIDENT","INCLUDE","INCLUDING","INCOME","INCREASE","
INCREASED","INCREASINGLY","INDEED","INDEPENDENT","INDEX","INDICATE","INDIVIDUAL"
,"INDUSTRIAL","INDUSTRY","INFLUENCE","INFORM","INFORMATION","INITIAL","INITIATIV
E","INJURY","INSIDE","INSIST","INSTANCE","INSTEAD","INSTITUTE","INSTITUTION","IN
STRUCTION","INSTRUMENT","INSURANCE","INTEND","INTENTION","INTEREST","INTERESTED"
,"INTERESTING","INTERNAL","INTERNATIONAL","INTERPRETATION","INTERVIEW","INTO","I
NTRODUCE","INTRODUCTION","INVESTIGATE","INVESTIGATION","INVESTMENT","INVITE","IN
VOLVE","IRON","IS","ISLAND","ISSUE","IT","ITEM","ITS","ITSELF","JOB","JOIN","JOI
NT","JOURNEY","JUDGE","JUMP","JUST","JUSTICE","KEEP","KEY","KID","KILL","KIND","
KING","KITCHEN","KNEE","KNOW","KNOWLEDGE","LABOUR","LACK","LADY","LAND","LANGUAG
E","LARGE","LARGELY","LAST","LATE","LATER","LATTER","LAUGH","LAUNCH","LAW","LAWY
ER","LAY","LEAD","LEADER","LEADERSHIP","LEADING","LEAF","LEAGUE","LEAN","LEARN",
"LEAST","LEAVE","LEFT","LEG","LEGAL","LEGISLATION","LENGTH","LESS","LET","LETTER
","LEVEL","LIABILITY","LIBERAL","LIBRARY","LIE","LIFE","LIFT","LIGHT","LIKE","LI
KELY","LIMIT","LIMITED","LINE","LINK","LIP","LIST","LISTEN","LITERATURE","LITTLE
","LIVE","LIVING","LOAN","LOCAL","LOCATION","LONG","LOOK","LORD","LOSE","LOSS","
LOT","LOVE","LOVELY","LOW","LUNCH","MACHINE","MAGAZINE","MAIN","MAINLY","MAINTAI
N","MAJOR","MAJORITY","MAKE","MALE","MAN","MANAGE","MANAGEMENT","MANAGER","MANNE
R","MANY","MAP","MARK","MARKET","MARRIAGE","MARRIED","MARRY","MASS","MASTER","MA
TCH","MATERIAL","MATTER","MAY","MAYBE","ME","MEAL","MEAN","MEANING","MEANS","MEA
NWHILE","MEASURE","MECHANISM","MEDIA","MEDICAL","MEET","MEETING","MEMBER","MEMBE
RSHIP","MEMORY","MENTAL","MENTION","MERELY","MESSAGE","METAL","METHOD","MIDDLE",
"MIGHT","MILE","MILITARY","MILK","MIND","MINE","MINISTER","MINISTRY","MINUTE","M
ISS","MISTAKE","MODEL","MODERN","MODULE","MOMENT","MONEY","MONTH","MORE","MORNIN
G","MOST","MOTHER","MOTION","MOTOR","MOUNTAIN","MOUTH","MOVE","MOVEMENT","MUCH",
"MURDER","MUSEUM","MUSIC","MUST","MY","MYSELF","NAME","NARROW","NATION","NATIONA
L","NATURAL","NATURE","NEAR","NEARLY","NECESSARILY","NECESSARY","NECK","NEED","N
EGOTIATION","NEIGHBOUR","NEITHER","NETWORK","NEVER","NEVERTHELESS","NEW","NEWS",
"NEWSPAPER","NEXT","NICE","NIGHT","NO","NOBODY","NOD","NOISE","NONE","NOR","NORM
AL","NORMALLY","NORTH","NORTHERN","NOSE","NOT","NOTE","NOTHING","NOTICE","NOTION
","NOW","NUCLEAR","NUMBER","NURSE","OBJECT","OBJECTIVE","OBSERVATION","OBSERVE",
"OBTAIN","OBVIOUS","OBVIOUSLY","OCCASION","OCCUR","ODD","OF","OFF","OFFENCE","OF
FER","OFFICE","OFFICER","OFFICIAL","OFTEN","OIL","OKAY","OLD","ON","ONCE","ONE",
"ONLY","ONTO","OPEN","OPERATE","OPERATION","OPINION","OPPORTUNITY","OPPOSITION",
"OPTION","OR","ORDER","ORDINARY","ORGANISATION","ORGANISE","ORGANIZATION","ORIG
IN","ORIGINAL","OTHER","OTHERWISE","OUGHT","OUR","OURSELVES","OUT","OUTCOME","OU
TPUT","OUTSIDE","OVER","OVERALL","OWN","OWNER","PACKAGE","PAGE","PAIN","PAINT","
PAINTING","PAIR","PANEL","PAPER","PARENT","PARK","PARLIAMENT","PART","PARTICULAR
","PARTICULARLY","PARTLY","PARTNER","PARTY","PASS","PASSAGE","PAST","PATH","PATI
ENT","PATTERN","PAY","PAYMENT","PEACE","PENSION","PEOPLE","PER","PERCENT","PERFE
CT","PERFORM","PERFORMANCE","PERHAPS","PERIOD","PERMANENT","PERSON","PERSONAL","
PERSUADE","PHASE","PHONE","PHOTOGRAPH","PHYSICAL","PICK","PICTURE","PIECE","PLAC
E","PLAN","PLANNING","PLANT","PLASTIC","PLATE","PLAY","PLAYER","PLEASE","PLEASUR
E","PLENTY","PLUS","POCKET","POINT","POLICE","POLICY","POLITICAL","POLITICS","PO
OL","POOR","POPULAR","POPULATION","POSITION","POSITIVE","POSSIBILITY","POSSIBLE"
,"POSSIBLY","POST","POTENTIAL","POUND","POWER","POWERFUL","PRACTICAL","PRACTICE"
,"PREFER","PREPARE","PRESENCE","PRESENT","PRESIDENT","PRESS","PRESSURE","PRETTY"
,"PREVENT","PREVIOUS","PREVIOUSLY","PRICE","PRIMARY","PRIME","PRINCIPLE","PRIORI
TY","PRISON","PRISONER","PRIVATE","PROBABLY","PROBLEM","PROCEDURE","PROCESS","PR
ODUCE","PRODUCT","PRODUCTION","PROFESSIONAL","PROFIT","PROGRAM","PROGRAMME","PRO
GRESS","PROJECT","PROMISE","PROMOTE","PROPER","PROPERLY","PROPERTY","PROPORTION"
,"PROPOSE","PROPOSAL","PROSPECT","PROTECT","PROTECTION","PROVE","PROVIDE","PROVI
DED","PROVISION","PUB","PUBLIC","PUBLICATION","PUBLISH","PULL","PUPIL","PURPOSE"
,"PUSH","PUT","QUALITY","QUARTER","QUESTION","QUICK","QUICKLY","QUIET","QUITE","
RACE","RADIO","RAILWAY","RAIN","RAISE","RANGE","RAPIDLY","RARE","RATE","RATHER",
"REACH","REACTION","READ","READER","READING","READY","REAL","REALISE","REALITY",
"REALIZE","REALLY","REASON","REASONABLE","RECALL","RECEIVE","RECENT","RECENTLY",
"RECOGNISE","RECOGNITION","RECOGNIZE","RECOMMEND","RECORD","RECOVER","RED","REDU
CE","REDUCTION","REFER","REFERENCE","REFLECT","REFORM","REFUSE","REGARD","REGION
","REGIONAL","REGULAR","REGULATION","REJECT","RELATE","RELATION","RELATIONSHIP",
"RELATIVE","RELATIVELY","RELEASE","RELEVANT","RELIEF","RELIGION","RELIGIOUS","RE
LY","REMAIN","REMEMBER","REMIND","REMOVE","REPEAT","REPLACE","REPLY","REPORT","R
EPRESENT","REPRESENTATION","REPRESENTATIVE","REQUEST","REQUIRE","REQUIREMENT","R
ESEARCH","RESOURCE","RESPECT","RESPOND","RESPONSE","RESPONSIBILITY","RESPONSIBLE
","REST","RESTAURANT","RESULT","RETAIN","RETURN","REVEAL","REVENUE","REVIEW","RE
VOLUTION","RICH","RIDE","RIGHT","RING","RISE","RISK","RIVER","ROAD","ROCK","ROLE
","ROLL","ROOF","ROOM","ROUND","ROUTE","ROW","ROYAL","RULE","RUN","RURAL","SAFE"
,"SAFETY","SALE","SAME","SAMPLE","SATISFY","SAVE","SAY","SCALE","SCENE","SCHEME"
,"SCHOOL","SCIENCE","SCIENTIFIC","SCIENTIST","SCORE","SCREEN","SEA","SEARCH","SE
ASON","SEAT","SECOND","SECONDARY","SECRETARY","SECTION","SECTOR","SECURE","SECUR
ITY","SEE","SEEK","SEEM","SELECT","SELECTION","SELL","SEND","SENIOR","SENSE","SE
NTENCE","SEPARATE","SEQUENCE","SERIES","SERIOUS","SERIOUSLY","SERVANT","SERVE","
SERVICE","SESSION","SET","SETTLE","SETTLEMENT","SEVERAL","SEVERE","SEX","SEXUAL"
,"SHAKE","SHALL","SHAPE","SHARE","SHE","SHEET","SHIP","SHOE","SHOOT","SHOP","SHO
RT","SHOT","SHOULD","SHOULDER","SHOUT","SHOW","SHUT","SIDE","SIGHT","SIGN","SIGN
AL","SIGNIFICANCE","SIGNIFICANT","SILENCE","SIMILAR","SIMPLE","SIMPLY","SINCE","
SING","SINGLE","SIR","SISTER","SIT","SITE","SITUATION","SIZE","SKILL","SKIN","SK
Y","SLEEP","SLIGHTLY","SLIP","SLOW","SLOWLY","SMALL","SMILE","SO","SOCIAL","SOCI
ETY","SOFT","SOFTWARE","SOIL","SOLDIER","SOLICITOR","SOLUTION","SOME","SOMEBODY"
,"SOMEONE","SOMETHING","SOMETIMES","SOMEWHAT","SOMEWHERE","SON","SONG","SOON","S
ORRY","SORT","SOUND","SOURCE","SOUTH","SOUTHERN","SPACE","SPEAK","SPEAKER","SPEC
IAL","SPECIES","SPECIFIC","SPEECH","SPEED","SPEND","SPIRIT","SPORT","SPOT","SPRE
AD","SPRING","STAFF","STAGE","STAND","STANDARD","STAR","START","STATE","STATEMEN
T","STATION","STATUS","STAY","STEAL","STEP","STICK","STILL","STOCK","STONE","STO
P","STORE","STORY","STRAIGHT","STRANGE","STRATEGY","STREET","STRENGTH","STRIKE",
"STRONG","STRONGLY","STRUCTURE","STUDENT","STUDIO","STUDY","STUFF","STYLE","SUBJ
ECT","SUBSTANTIAL","SUCCEED","SUCCESS","SUCCESSFUL","SUCH","SUDDENLY","SUFFER","
SUFFICIENT","SUGGEST","SUGGESTION","SUITABLE","SUM","SUMMER","SUN","SUPPLY","SUP
PORT","SUPPOSE","SURE","SURELY","SURFACE","SURPRISE","SURROUND","SURVEY","SURVIV
E","SWITCH","SYSTEM","TABLE","TAKE","TALK","TALL","TAPE","TARGET","TASK","TAX","
TEA","TEACH","TEACHER","TEACHING","TEAM","TEAR","TECHNICAL","TECHNIQUE","TECHNOL
OGY","TELEPHONE","TELEVISION","TELL","TEMPERATURE","TEND","TERM","TERMS","TERRIB
LE","TEST","TEXT","THAN","THANK","THANKS","THAT","THE","THEATRE","THEIR","THEM",
"THEME","THEMSELVES","THEN","THEORY","THERE","THEREFORE","THESE","THEY","THIN","
THING","THINK","THIS","THOSE","THOUGH","THOUGHT","THREAT","THREATEN","THROUGH","
THROUGHOUT","THROW","THUS","TICKET","TIME","TINY","TITLE","TO","TODAY","TOGETHER
","TOMORROW","TONE","TONIGHT","TOO","TOOL","TOOTH","TOP","TOTAL","TOTALLY","TOUC
H","TOUR","TOWARDS","TOWN","TRACK","TRADE","TRADITION","TRADITIONAL","TRAFFIC","
TRAIN","TRAINING","TRANSFER","TRANSPORT","TRAVEL","TREAT","TREATMENT","TREATY","
TREE","TREND","TRIAL","TRIP","TROOP","TROUBLE","TRUE","TRUST","TRUTH","TRY","TUR
N","TWICE","TYPE","TYPICAL","UNABLE","UNDER","UNDERSTAND","UNDERSTANDING","UNDER
TAKE","UNEMPLOYMENT","UNFORTUNATELY","UNION","UNIT","UNITED","UNIVERSITY","UNLES
S","UNLIKELY","UNTIL","UP","UPON","UPPER","URBAN","US","USE","USED","USEFUL","US
ER","USUAL","USUALLY","VALUE","VARIATION","VARIETY","VARIOUS","VARY","VAST","VEH
ICLE","VERSION","VERY","VIA","VICTIM","VICTORY","VIDEO","VIEW","VILLAGE","VIOLEN
CE","VISION","VISIT","VISITOR","VITAL","VOICE","VOLUME","VOTE","WAGE","WAIT","WA
LK","WALL","WANT","WAR","WARM","WARN","WASH","WATCH","WATER","WAVE","WAY","WE","
WEAK","WEAPON","WEAR","WEATHER","WEEK","WEEKEND","WEIGHT","WELCOME","WELFARE","W
ELL","WEST","WESTERN","WHAT","WHATEVER","WHEN","WHERE","WHEREAS","WHETHER","WHIC
H","WHILE","WHILST","WHITE","WHO","WHOLE","WHOM","WHOSE","WHY","WIDE","WIDELY","
WIFE","WILD","WILL","WIN","WIND","WINDOW","WINE","WING","WINNER","WINTER","WISH"
,"WITH","WITHDRAW","WITHIN","WITHOUT","WOMAN","WONDER","WONDERFUL","WOOD","WORD"
,"WORK","WORKER","WORKING","WORKS","WORLD","WORRY","WORTH","WOULD","WRITE","WRIT
ER","WRITING","WRONG","YARD","YEAH","YEAR","YES","YESTERDAY","YET","YOU","YOUNG"
,"YOUR","YOURSELF","YOUTH"